cmdj12tbd0002gbikcfzrhtgm,Movie,0.0,2025-07-27,True
cmdj12tbd0002gbikcfzrhtgm,Movie,0.0,2025-07-27,True
cmdj12tbd0002gbikcfzrhtgm,Movie,0.0,2025-07-27,True
cmdj12tbd0002gbikcfzrhtgm,Movie,0.0,2025-07-27,True
cmdj12tbd0002gbikcfzrhtgm,Movie,0.0,2025-07-27,True
cmdj12tbd0002gbikcfzrhtgm,Movie,0.0,2025-07-27,True
cmdj12tbd0002gbikcfzrhtgm,Movie,0.0,2025-07-27,True
cmdj12tbd0002gbikcfzrhtgm,Movie,0.0,2025-07-27,True
cmdj12tbd0002gbikcfzrhtgm,Movie,0.0,2025-07-27,True
cmdj12tbd0002gbikcfzrhtgm,Movie,0.0,2025-07-27,True
cmdj12tbd0002gbikcfzrhtgm,Movie,0.0,2025-07-27,True
cmdj12tbd0002gbikcfzrhtgm,Movie,0.0,2025-07-27,True
cmdj12tbd0002gbikcfzrhtgm,Movie,0.0,2025-07-27,True
cmdj12tbd0002gbikcfzrhtgm,Movie,0.0,2025-07-27,True
cmdj12tbd0002gbikcfzrhtgm,Movie,0.0,2025-07-27,True
cmdj12tbd0002gbikcfzrhtgm,Movie,0.0,2025-07-27,True
cmdj12tbd0002gbikcfzrhtgm,Movie,0.0,2025-07-27,True
cmdj12tbd0002gbikcfzrhtgm,Movie,0.0,2025-07-27,True
cmdj12tbd0002gbikcfzrhtgm,Movie,0.0,2025-07-27,True
cmdj12tbd0002gbikcfzrhtgm,Movie,0.0,2025-07-27,True
cmdj12tbd0002gbikcfzrhtgm,Movie,0.0,2025-07-27,True
cmdj12tbd0002gbikcfzrhtgm,Movie,0.0,2025-07-27,True
cmdj12tbd0002gbikcfzrhtgm,Movie,0.0,2025-07-27,True
cmdj12tbd0002gbikcfzrhtgm,Movie,0.0,2025-07-27,True
cmdj12tbd0002gbikcfzrhtgm,Movie,0.0,2025-07-27,True
cmdj12tbd0002gbikcfzrhtgm,Movie,0.0,2025-07-27,True
cmdj12tbd0002gbikcfzrhtgm,Movie,0.0,2025-07-27,True
cmdj12tbd0002gbikcfzrhtgm,Movie,0.0,2025-07-27,True
cmdj12tbd0002gbikcfzrhtgm,Movie,0.0,2025-07-27,True
cmdj12tbd0002gbikcfzrhtgm,Movie,0.0,2025-07-27,True
cmdj12tbd0002gbikcfzrhtgm,Movie,0.0,2025-07-27,True
cmdj12tbd0002gbikcfzrhtgm,Movie,0.0,2025-07-27,True
cmdj12tbd0002gbikcfzrhtgm,Movie,0.0,2025-07-27,True
cmdj12tbd0002gbikcfzrhtgm,Movie,0.0,2025-07-27,True
cmdj12tbd0002gbikcfzrhtgm,Movie,0.0,2025-07-27,True
cmdj12tbd0002gbikcfzrhtgm,Movie,0.0,2025-07-27,True
cmdj12tbd0002gbikcfzrhtgm,Movie,0.0,2025-07-27,True
cmdj12tbd0002gbikcfzrhtgm,Movie,0.0,2025-07-27,True
cmdj12tbd0002gbikcfzrhtgm,Movie,0.0,2025-07-27,True
cmdj12tbd0002gbikcfzrhtgm,Movie,0.0,2025-07-27,True
cmdj12tbd0002gbikcfzrhtgm,Movie,0.0,2025-07-27,True
cmdj12tbd0002gbikcfzrhtgm,Movie,0.0,2025-07-27,True
cmdj12tbd0002gbikcfzrhtgm,Movie,0.0,2025-07-27,True
cmdj12tbd0002gbikcfzrhtgm,Movie,0.0,2025-07-27,True
cmdj12tbd0002gbikcfzrhtgm,Movie,0.0,2025-07-27,True
cmdj12tbd0002gbikcfzrhtgm,Movie,0.0,2025-07-27,True
cmdj12tbd0002gbikcfzrhtgm,Movie,0.0,2025-07-27,True
cmdj12tbd0002gbikcfzrhtgm,Movie,0.0,2025-07-27,True
cmdj12tbd0002gbikcfzrhtgm,Movie,0.0,2025-07-27,True
cmdj12tbd0002gbikcfzrhtgm,Movie,0.0,2025-07-27,True
cmdj12tbd0002gbikcfzrhtgm,Movie,0.0,2025-07-27,True
cmdj12tbd0002gbikcfzrhtgm,Movie,0.0,2025-07-27,True
cmdj12tbd0002gbikcfzrhtgm,Movie,0.0,2025-07-27,True
cmdj12tbd0002gbikcfzrhtgm,Movie,0.0,2025-07-27,True
cmdj12tbd0002gbikcfzrhtgm,Movie,0.0,2025-07-27,True
cmdj12tbd0002gbikcfzrhtgm,Movie,0.0,2025-07-27,True
cmdj12tbd0002gbikcfzrhtgm,Movie,0.0,2025-07-27,True
cmdj12tbd0002gbikcfzrhtgm,Movie,0.0,2025-07-27,True
cmdj12tbd0002gbikcfzrhtgm,Movie,0.0,2025-07-27,True
cmdj12tbd0002gbikcfzrhtgm,Movie,0.0,2025-07-27,True
cmdj12tbd0002gbikcfzrhtgm,Movie,0.0,2025-07-27,True
cmdj12tbd0002gbikcfzrhtgm,Movie,0.0,2025-07-27,True
cmdj12tbd0002gbikcfzrhtgm,Movie,0.0,2025-07-27,True
cmdj12tbd0002gbikcfzrhtgm,Movie,0.0,2025-07-27,True
cmdj12tbd0002gbikcfzrhtgm,Movie,0.0,2025-07-27,True
cmdj12tbd0002gbikcfzrhtgm,Movie,0.0,2025-07-27,True
cmdj12tbd0002gbikcfzrhtgm,Movie,0.0,2025-07-27,True
cmdj12tbd0002gbikcfzrhtgm,Movie,0.0,2025-07-27,True
cmdj12tbd0002gbikcfzrhtgm,Movie,0.0,2025-07-27,True
cmdj12tbd0002gbikcfzrhtgm,Movie,0.0,2025-07-27,True
cmdj12tbd0002gbikcfzrhtgm,Movie,0.0,2025-07-27,True
cmdj12tbd0002gbikcfzrhtgm,Movie,0.0,2025-07-27,True
cmdj12tbd0002gbikcfzrhtgm,Movie,0.0,2025-07-27,True
cmdj12tbd0002gbikcfzrhtgm,Movie,0.0,2025-07-27,True
cmdj12tbd0002gbikcfzrhtgm,Movie,0.0,2025-07-27,True
cmdj12tbd0002gbikcfzrhtgm,Movie,0.0,2025-07-27,True
cmdj12tbd0002gbikcfzrhtgm,Movie,0.0,2025-07-27,True
cmdj12tbd0002gbikcfzrhtgm,Movie,0.0,2025-07-27,True
cmdj12tbd0002gbikcfzrhtgm,Movie,0.0,2025-07-27,True
cmdj12tbd0002gbikcfzrhtgm,Movie,0.0,2025-07-27,True
cmdj12tbd0002gbikcfzrhtgm,Movie,0.0,2025-07-27,True
cmdj12tbd0002gbikcfzrhtgm,Movie,0.0,2025-07-27,True
cmdj12tbd0002gbikcfzrhtgm,Movie,0.0,2025-07-27,True
cmdj12tbd0002gbikcfzrhtgm,Movie,0.0,2025-07-27,True
cmdj12tbd0002gbikcfzrhtgm,Movie,0.0,2025-07-27,True
cmdj12tbd0002gbikcfzrhtgm,Movie,0.0,2025-07-27,True
cmdj12tbd0002gbikcfzrhtgm,Movie,0.0,2025-07-27,True
cmdj12tbd0002gbikcfzrhtgm,Movie,0.0,2025-07-27,True
cmdj12tbd0002gbikcfzrhtgm,Movie,0.0,2025-07-27,True
cmdj12tbd0002gbikcfzrhtgm,Movie,0.0,2025-07-27,True
cmdj12tbd0002gbikcfzrhtgm,Movie,0.0,2025-07-27,True
cmdj12tbd0002gbikcfzrhtgm,Movie,0.0,2025-07-27,True
cmdj12tbd0002gbikcfzrhtgm,Movie,0.0,2025-07-27,True
cmdj12tbd0002gbikcfzrhtgm,Movie,0.0,2025-07-27,True
cmdj12tbd0002gbikcfzrhtgm,Movie,0.0,2025-07-27,True
cmdj12tbd0002gbikcfzrhtgm,Movie,0.0,2025-07-27,True
cmdj12tbd0002gbikcfzrhtgm,Movie,0.0,2025-07-27,True
cmdj12tbd0002gbikcfzrhtgm,Movie,0.0,2025-07-27,True
cmdj12tbd0002gbikcfzrhtgm,Movie,0.0,2025-07-27,True
cmdj12tbd0002gbikcfzrhtgm,Movie,0.0,2025-07-27,True
cmdj12tbd0002gbikcfzrhtgm,Movie,0.0,2025-07-27,True
cmdj12tbd0002gbikcfzrhtgm,Movie,0.0,2025-07-27,True
cmdj12tbd0002gbikcfzrhtgm,Movie,0.0,2025-07-27,True
cmdj12tbd0002gbikcfzrhtgm,Movie,0.0,2025-07-27,True
cmdj12tbd0002gbikcfzrhtgm,Movie,0.0,2025-07-27,True
cmdj12tbd0002gbikcfzrhtgm,Movie,0.0,2025-07-27,True
cmdj12tbd0002gbikcfzrhtgm,Movie,0.0,2025-07-27,True
cmdj12tbd0002gbikcfzrhtgm,Movie,0.0,2025-07-27,True
cmdj12tbd0002gbikcfzrhtgm,Movie,0.0,2025-07-27,True
cmdj12tbd0002gbikcfzrhtgm,Movie,0.0,2025-07-27,True
cmdj12tbd0002gbikcfzrhtgm,Movie,0.0,2025-07-27,True
cmdj12tbd0002gbikcfzrhtgm,Movie,0.0,2025-07-27,True
cmdj12tbd0002gbikcfzrhtgm,Movie,0.0,2025-07-27,True
cmdj12tbd0002gbikcfzrhtgm,Movie,0.0,2025-07-27,True
cmdj12tbd0002gbikcfzrhtgm,Movie,0.0,2025-07-27,True
cmdj12tbd0002gbikcfzrhtgm,Movie,0.0,2025-07-27,True
cmdj12tbd0002gbikcfzrhtgm,Movie,0.0,2025-07-27,True
cmdj12tbd0002gbikcfzrhtgm,Movie,0.0,2025-07-27,True
cmdj12tbd0002gbikcfzrhtgm,Movie,0.0,2025-07-27,True
cmdj12tbd0002gbikcfzrhtgm,Movie,0.0,2025-07-27,True
cmdj12tbd0002gbikcfzrhtgm,Movie,0.0,2025-07-27,True
cmdj12tbd0002gbikcfzrhtgm,Movie,0.0,2025-07-27,True
cmdj12tbd0002gbikcfzrhtgm,Movie,0.0,2025-07-27,True
cmdj12tbd0002gbikcfzrhtgm,Movie,0.0,2025-07-27,True
cmdj12tbd0002gbikcfzrhtgm,Movie,0.0,2025-07-27,True
cmdj12tbd0002gbikcfzrhtgm,Movie,0.0,2025-07-27,True
cmdj12tbd0002gbikcfzrhtgm,Movie,0.0,2025-07-27,True
cmdj12tbd0002gbikcfzrhtgm,Movie,0.0,2025-07-27,True
cmdj12tbd0002gbikcfzrhtgm,Movie,0.0,2025-07-27,True
cmdj12tbd0002gbikcfzrhtgm,Movie,0.0,2025-07-27,True
cmdj12tbd0002gbikcfzrhtgm,Movie,0.0,2025-07-27,True
cmdj12tbd0002gbikcfzrhtgm,Movie,0.0,2025-07-27,True
cmdj12tbd0002gbikcfzrhtgm,Movie,0.0,2025-07-27,True
cmdj12tbd0002gbikcfzrhtgm,Movie,0.0,2025-07-27,True
cmdj12tbd0002gbikcfzrhtgm,Movie,0.0,2025-07-27,True
cmdj12tbd0002gbikcfzrhtgm,Movie,0.0,2025-07-27,True
cmdj12tbd0002gbikcfzrhtgm,Movie,0.0,2025-07-27,True
cmdj12tbd0002gbikcfzrhtgm,Movie,0.0,2025-07-27,True
cmdj12tbd0002gbikcfzrhtgm,Movie,0.0,2025-07-27,True
cmdj12tbd0002gbikcfzrhtgm,Movie,0.0,2025-07-27,True
cmdj12tbd0002gbikcfzrhtgm,Movie,0.0,2025-07-27,True
