cmdj139f30005gbika35k4jov,cmdj12tbd0002gbikcfzrhtgm
cmdj139f30005gbika35k4jov,cmdj12tbd0002gbikcfzrhtgm
cmdj139f30005gbika35k4jov,cmdj12tbd0002gbikcfzrhtgm
cmdj139f30005gbika35k4jov,cmdj12tbd0002gbikcfzrhtgm
cmdj139f30005gbika35k4jov,cmdj12tbd0002gbikcfzrhtgm
cmdj139f30005gbika35k4jov,cmdj12tbd0002gbikcfzrhtgm
cmdj139f30005gbika35k4jov,cmdj12tbd0002gbikcfzrhtgm
cmdj139f30005gbika35k4jov,cmdj12tbd0002gbikcfzrhtgm
cmdj139f30005gbika35k4jov,cmdj12tbd0002gbikcfzrhtgm
cmdj139f30005gbika35k4jov,cmdj12tbd0002gbikcfzrhtgm
cmdj139f30005gbika35k4jov,cmdj12tbd0002gbikcfzrhtgm
cmdj139f30005gbika35k4jov,cmdj12tbd0002gbikcfzrhtgm
cmdj139f30005gbika35k4jov,cmdj12tbd0002gbikcfzrhtgm
cmdj139f30005gbika35k4jov,cmdj12tbd0002gbikcfzrhtgm
cmdj139f30005gbika35k4jov,cmdj12tbd0002gbikcfzrhtgm
cmdj139f30005gbika35k4jov,cmdj12tbd0002gbikcfzrhtgm
cmdj139f30005gbika35k4jov,cmdj12tbd0002gbikcfzrhtgm
cmdj139f30005gbika35k4jov,cmdj12tbd0002gbikcfzrhtgm
cmdj139f30005gbika35k4jov,cmdj12tbd0002gbikcfzrhtgm
cmdj139f30005gbika35k4jov,cmdj12tbd0002gbikcfzrhtgm
cmdj139f30005gbika35k4jov,cmdj12tbd0002gbikcfzrhtgm
cmdj139f30005gbika35k4jov,cmdj12tbd0002gbikcfzrhtgm
cmdj139f30005gbika35k4jov,cmdj12tbd0002gbikcfzrhtgm
cmdj139f30005gbika35k4jov,cmdj12tbd0002gbikcfzrhtgm
cmdj139f30005gbika35k4jov,cmdj12tbd0002gbikcfzrhtgm
cmdj139f30005gbika35k4jov,cmdj12tbd0002gbikcfzrhtgm
cmdj139f30005gbika35k4jov,cmdj12tbd0002gbikcfzrhtgm
cmdj139f30005gbika35k4jov,cmdj12tbd0002gbikcfzrhtgm
cmdj139f30005gbika35k4jov,cmdj12tbd0002gbikcfzrhtgm
cmdj139f30005gbika35k4jov,cmdj12tbd0002gbikcfzrhtgm
cmdj139f30005gbika35k4jov,cmdj12tbd0002gbikcfzrhtgm
cmdj139f30005gbika35k4jov,cmdj12tbd0002gbikcfzrhtgm
cmdj139f30005gbika35k4jov,cmdj12tbd0002gbikcfzrhtgm
cmdj139f30005gbika35k4jov,cmdj12tbd0002gbikcfzrhtgm
cmdj139f30005gbika35k4jov,cmdj12tbd0002gbikcfzrhtgm
cmdj139f30005gbika35k4jov,cmdj12tbd0002gbikcfzrhtgm
cmdj139f30005gbika35k4jov,cmdj12tbd0002gbikcfzrhtgm
cmdj139f30005gbika35k4jov,cmdj12tbd0002gbikcfzrhtgm
cmdj139f30005gbika35k4jov,cmdj12tbd0002gbikcfzrhtgm
cmdj139f30005gbika35k4jov,cmdj12tbd0002gbikcfzrhtgm
cmdj139f30005gbika35k4jov,cmdj12tbd0002gbikcfzrhtgm
cmdj139f30005gbika35k4jov,cmdj12tbd0002gbikcfzrhtgm
cmdj139f30005gbika35k4jov,cmdj12tbd0002gbikcfzrhtgm
cmdj139f30005gbika35k4jov,cmdj12tbd0002gbikcfzrhtgm
cmdj139f30005gbika35k4jov,cmdj12tbd0002gbikcfzrhtgm
cmdj139f30005gbika35k4jov,cmdj12tbd0002gbikcfzrhtgm
cmdj139f30005gbika35k4jov,cmdj12tbd0002gbikcfzrhtgm
cmdj139f30005gbika35k4jov,cmdj12tbd0002gbikcfzrhtgm
cmdj139f30005gbika35k4jov,cmdj12tbd0002gbikcfzrhtgm
cmdj139f30005gbika35k4jov,cmdj12tbd0002gbikcfzrhtgm
cmdj139f30005gbika35k4jov,cmdj12tbd0002gbikcfzrhtgm
cmdj139f30005gbika35k4jov,cmdj12tbd0002gbikcfzrhtgm
cmdj139f30005gbika35k4jov,cmdj12tbd0002gbikcfzrhtgm
cmdj139f30005gbika35k4jov,cmdj12tbd0002gbikcfzrhtgm
cmdj139f30005gbika35k4jov,cmdj12tbd0002gbikcfzrhtgm
cmdj139f30005gbika35k4jov,cmdj12tbd0002gbikcfzrhtgm
cmdj139f30005gbika35k4jov,cmdj12tbd0002gbikcfzrhtgm
cmdj139f30005gbika35k4jov,cmdj12tbd0002gbikcfzrhtgm
cmdj139f30005gbika35k4jov,cmdj12tbd0002gbikcfzrhtgm
cmdj139f30005gbika35k4jov,cmdj12tbd0002gbikcfzrhtgm
cmdj139f30005gbika35k4jov,cmdj12tbd0002gbikcfzrhtgm
cmdj139f30005gbika35k4jov,cmdj12tbd0002gbikcfzrhtgm
cmdj139f30005gbika35k4jov,cmdj12tbd0002gbikcfzrhtgm
cmdj139f30005gbika35k4jov,cmdj12tbd0002gbikcfzrhtgm
cmdj139f30005gbika35k4jov,cmdj12tbd0002gbikcfzrhtgm
cmdj139f30005gbika35k4jov,cmdj12tbd0002gbikcfzrhtgm
cmdj139f30005gbika35k4jov,cmdj12tbd0002gbikcfzrhtgm
cmdj139f30005gbika35k4jov,cmdj12tbd0002gbikcfzrhtgm
cmdj139f30005gbika35k4jov,cmdj12tbd0002gbikcfzrhtgm
cmdj139f30005gbika35k4jov,cmdj12tbd0002gbikcfzrhtgm
cmdj139f30005gbika35k4jov,cmdj12tbd0002gbikcfzrhtgm
cmdj139f30005gbika35k4jov,cmdj12tbd0002gbikcfzrhtgm
cmdj139f30005gbika35k4jov,cmdj12tbd0002gbikcfzrhtgm
cmdj139f30005gbika35k4jov,cmdj12tbd0002gbikcfzrhtgm
cmdj139f30005gbika35k4jov,cmdj12tbd0002gbikcfzrhtgm
cmdj139f30005gbika35k4jov,cmdj12tbd0002gbikcfzrhtgm
cmdj139f30005gbika35k4jov,cmdj12tbd0002gbikcfzrhtgm
cmdj139f30005gbika35k4jov,cmdj12tbd0002gbikcfzrhtgm
cmdj139f30005gbika35k4jov,cmdj12tbd0002gbikcfzrhtgm
cmdj139f30005gbika35k4jov,cmdj12tbd0002gbikcfzrhtgm
cmdj139f30005gbika35k4jov,cmdj12tbd0002gbikcfzrhtgm
cmdj139f30005gbika35k4jov,cmdj12tbd0002gbikcfzrhtgm
cmdj139f30005gbika35k4jov,cmdj12tbd0002gbikcfzrhtgm
cmdj139f30005gbika35k4jov,cmdj12tbd0002gbikcfzrhtgm
cmdj139f30005gbika35k4jov,cmdj12tbd0002gbikcfzrhtgm
cmdj139f30005gbika35k4jov,cmdj12tbd0002gbikcfzrhtgm
cmdj139f30005gbika35k4jov,cmdj12tbd0002gbikcfzrhtgm
cmdj139f30005gbika35k4jov,cmdj12tbd0002gbikcfzrhtgm
cmdj139f30005gbika35k4jov,cmdj12tbd0002gbikcfzrhtgm
cmdj139f30005gbika35k4jov,cmdj12tbd0002gbikcfzrhtgm
cmdj139f30005gbika35k4jov,cmdj12tbd0002gbikcfzrhtgm
cmdj139f30005gbika35k4jov,cmdj12tbd0002gbikcfzrhtgm
cmdj139f30005gbika35k4jov,cmdj12tbd0002gbikcfzrhtgm
cmdj139f30005gbika35k4jov,cmdj12tbd0002gbikcfzrhtgm
cmdj139f30005gbika35k4jov,cmdj12tbd0002gbikcfzrhtgm
cmdj139f30005gbika35k4jov,cmdj12tbd0002gbikcfzrhtgm
cmdj139f30005gbika35k4jov,cmdj12tbd0002gbikcfzrhtgm
cmdj139f30005gbika35k4jov,cmdj12tbd0002gbikcfzrhtgm
cmdj139f30005gbika35k4jov,cmdj12tbd0002gbikcfzrhtgm
cmdj139f30005gbika35k4jov,cmdj12tbd0002gbikcfzrhtgm
cmdj139f30005gbika35k4jov,cmdj12tbd0002gbikcfzrhtgm
cmdj139f30005gbika35k4jov,cmdj12tbd0002gbikcfzrhtgm
cmdj139f30005gbika35k4jov,cmdj12tbd0002gbikcfzrhtgm
cmdj139f30005gbika35k4jov,cmdj12tbd0002gbikcfzrhtgm
cmdj139f30005gbika35k4jov,cmdj12tbd0002gbikcfzrhtgm
cmdj139f30005gbika35k4jov,cmdj12tbd0002gbikcfzrhtgm
cmdj139f30005gbika35k4jov,cmdj12tbd0002gbikcfzrhtgm
cmdj139f30005gbika35k4jov,cmdj12tbd0002gbikcfzrhtgm
cmdj139f30005gbika35k4jov,cmdj12tbd0002gbikcfzrhtgm
cmdj139f30005gbika35k4jov,cmdj12tbd0002gbikcfzrhtgm
cmdj139f30005gbika35k4jov,cmdj12tbd0002gbikcfzrhtgm
cmdj139f30005gbika35k4jov,cmdj12tbd0002gbikcfzrhtgm
cmdj139f30005gbika35k4jov,cmdj12tbd0002gbikcfzrhtgm
cmdj139f30005gbika35k4jov,cmdj12tbd0002gbikcfzrhtgm
cmdj139f30005gbika35k4jov,cmdj12tbd0002gbikcfzrhtgm
cmdj139f30005gbika35k4jov,cmdj12tbd0002gbikcfzrhtgm
cmdj139f30005gbika35k4jov,cmdj12tbd0002gbikcfzrhtgm
cmdj139f30005gbika35k4jov,cmdj12tbd0002gbikcfzrhtgm
cmdj139f30005gbika35k4jov,cmdj12tbd0002gbikcfzrhtgm
cmdj139f30005gbika35k4jov,cmdj12tbd0002gbikcfzrhtgm
cmdj139f30005gbika35k4jov,cmdj12tbd0002gbikcfzrhtgm
cmdj139f30005gbika35k4jov,cmdj12tbd0002gbikcfzrhtgm
cmdj139f30005gbika35k4jov,cmdj12tbd0002gbikcfzrhtgm
cmdj139f30005gbika35k4jov,cmdj12tbd0002gbikcfzrhtgm
cmdj139f30005gbika35k4jov,cmdj12tbd0002gbikcfzrhtgm
cmdj139f30005gbika35k4jov,cmdj12tbd0002gbikcfzrhtgm
cmdj139f30005gbika35k4jov,cmdj12tbd0002gbikcfzrhtgm
cmdj139f30005gbika35k4jov,cmdj12tbd0002gbikcfzrhtgm
cmdj139f30005gbika35k4jov,cmdj12tbd0002gbikcfzrhtgm
cmdj139f30005gbika35k4jov,cmdj12tbd0002gbikcfzrhtgm
cmdj139f30005gbika35k4jov,cmdj12tbd0002gbikcfzrhtgm
cmdj139f30005gbika35k4jov,cmdj12tbd0002gbikcfzrhtgm
cmdj139f30005gbika35k4jov,cmdj12tbd0002gbikcfzrhtgm
cmdj139f30005gbika35k4jov,cmdj12tbd0002gbikcfzrhtgm
cmdj139f30005gbika35k4jov,cmdj12tbd0002gbikcfzrhtgm
cmdj139f30005gbika35k4jov,cmdj12tbd0002gbikcfzrhtgm
cmdj139f30005gbika35k4jov,cmdj12tbd0002gbikcfzrhtgm
cmdj139f30005gbika35k4jov,cmdj12tbd0002gbikcfzrhtgm
cmdj139f30005gbika35k4jov,cmdj12tbd0002gbikcfzrhtgm
cmdj139f30005gbika35k4jov,cmdj12tbd0002gbikcfzrhtgm
cmdj139f30005gbika35k4jov,cmdj12tbd0002gbikcfzrhtgm
cmdj139f30005gbika35k4jov,cmdj12tbd0002gbikcfzrhtgm
cmdj139f30005gbika35k4jov,cmdj12tbd0002gbikcfzrhtgm
cmdj139f30005gbika35k4jov,cmdj12tbd0002gbikcfzrhtgm
cmdj139f30005gbika35k4jov,cmdj12tbd0002gbikcfzrhtgm
cmdj139f30005gbika35k4jov,cmdj12tbd0002gbikcfzrhtgm
cmdj139f30005gbika35k4jov,cmdj12tbd0002gbikcfzrhtgm
cmdj139f30005gbika35k4jov,cmdj12tbd0002gbikcfzrhtgm
cmdj139f30005gbika35k4jov,cmdj12tbd0002gbikcfzrhtgm
cmdj139f30005gbika35k4jov,cmdj12tbd0002gbikcfzrhtgm
cmdj139f30005gbika35k4jov,cmdj12tbd0002gbikcfzrhtgm
cmdj139f30005gbika35k4jov,cmdj12tbd0002gbikcfzrhtgm
cmdj139f30005gbika35k4jov,cmdj12tbd0002gbikcfzrhtgm
cmdj139f30005gbika35k4jov,cmdj12tbd0002gbikcfzrhtgm
cmdj139f30005gbika35k4jov,cmdj12tbd0002gbikcfzrhtgm
cmdj139f30005gbika35k4jov,cmdj12tbd0002gbikcfzrhtgm
cmdj139f30005gbika35k4jov,cmdj12tbd0002gbikcfzrhtgm
cmdj139f30005gbika35k4jov,cmdj12tbd0002gbikcfzrhtgm
cmdj139f30005gbika35k4jov,cmdj12tbd0002gbikcfzrhtgm
cmdj139f30005gbika35k4jov,cmdj12tbd0002gbikcfzrhtgm
cmdj139f30005gbika35k4jov,cmdj12tbd0002gbikcfzrhtgm
cmdj139f30005gbika35k4jov,cmdj12tbd0002gbikcfzrhtgm
cmdj139f30005gbika35k4jov,cmdj12tbd0002gbikcfzrhtgm
cmdj139f30005gbika35k4jov,cmdj12tbd0002gbikcfzrhtgm
cmdj139f30005gbika35k4jov,cmdj12tbd0002gbikcfzrhtgm
cmdj139f30005gbika35k4jov,cmdj12tbd0002gbikcfzrhtgm
cmdj139f30005gbika35k4jov,cmdj12tbd0002gbikcfzrhtgm
cmdj139f30005gbika35k4jov,cmdj12tbd0002gbikcfzrhtgm
cmdj139f30005gbika35k4jov,cmdj12tbd0002gbikcfzrhtgm
cmdj139f30005gbika35k4jov,cmdj12tbd0002gbikcfzrhtgm
cmdj139f30005gbika35k4jov,cmdj12tbd0002gbikcfzrhtgm
cmdj139f30005gbika35k4jov,cmdj12tbd0002gbikcfzrhtgm
cmdj139f30005gbika35k4jov,cmdj12tbd0002gbikcfzrhtgm
cmdj139f30005gbika35k4jov,cmdj12tbd0002gbikcfzrhtgm
cmdj139f30005gbika35k4jov,cmdj12tbd0002gbikcfzrhtgm
cmdj139f30005gbika35k4jov,cmdj12tbd0002gbikcfzrhtgm
cmdj139f30005gbika35k4jov,cmdj12tbd0002gbikcfzrhtgm
cmdj139f30005gbika35k4jov,cmdj12tbd0002gbikcfzrhtgm
cmdj139f30005gbika35k4jov,cmdj12tbd0002gbikcfzrhtgm
cmdj139f30005gbika35k4jov,cmdj12tbd0002gbikcfzrhtgm
cmdj139f30005gbika35k4jov,cmdj12tbd0002gbikcfzrhtgm
cmdj139f30005gbika35k4jov,cmdj12tbd0002gbikcfzrhtgm
cmdj139f30005gbika35k4jov,cmdj12tbd0002gbikcfzrhtgm
cmdj139f30005gbika35k4jov,cmdj12tbd0002gbikcfzrhtgm
cmdj139f30005gbika35k4jov,cmdj12tbd0002gbikcfzrhtgm
cmdj139f30005gbika35k4jov,cmdj12tbd0002gbikcfzrhtgm
cmdj139f30005gbika35k4jov,cmdj12tbd0002gbikcfzrhtgm
cmdj139f30005gbika35k4jov,cmdj12tbd0002gbikcfzrhtgm
cmdj139f30005gbika35k4jov,cmdj12tbd0002gbikcfzrhtgm
cmdj139f30005gbika35k4jov,cmdj12tbd0002gbikcfzrhtgm
cmdj139f30005gbika35k4jov,cmdj12tbd0002gbikcfzrhtgm
cmdj139f30005gbika35k4jov,cmdj12tbd0002gbikcfzrhtgm
cmdj139f30005gbika35k4jov,cmdj12tbd0002gbikcfzrhtgm
cmdj139f30005gbika35k4jov,cmdj12tbd0002gbikcfzrhtgm
cmdj139f30005gbika35k4jov,cmdj12tbd0002gbikcfzrhtgm
cmdj139f30005gbika35k4jov,cmdj12tbd0002gbikcfzrhtgm
cmdj139f30005gbika35k4jov,cmdj12tbd0002gbikcfzrhtgm
cmdj139f30005gbika35k4jov,cmdj12tbd0002gbikcfzrhtgm
cmdj139f30005gbika35k4jov,cmdj12tbd0002gbikcfzrhtgm
cmdj139f30005gbika35k4jov,cmdj12tbd0002gbikcfzrhtgm
cmdj139f30005gbika35k4jov,cmdj12tbd0002gbikcfzrhtgm
cmdj139f30005gbika35k4jov,cmdj12tbd0002gbikcfzrhtgm
cmdj139f30005gbika35k4jov,cmdj12tbd0002gbikcfzrhtgm
cmdj139f30005gbika35k4jov,cmdj12tbd0002gbikcfzrhtgm
cmdj139f30005gbika35k4jov,cmdj12tbd0002gbikcfzrhtgm
cmdj139f30005gbika35k4jov,cmdj12tbd0002gbikcfzrhtgm
cmdj139f30005gbika35k4jov,cmdj12tbd0002gbikcfzrhtgm
cmdj139f30005gbika35k4jov,cmdj12tbd0002gbikcfzrhtgm
cmdj139f30005gbika35k4jov,cmdj12tbd0002gbikcfzrhtgm
cmdj139f30005gbika35k4jov,cmdj12tbd0002gbikcfzrhtgm
cmdj139f30005gbika35k4jov,cmdj12tbd0002gbikcfzrhtgm
cmdj139f30005gbika35k4jov,cmdj12tbd0002gbikcfzrhtgm
cmdj139f30005gbika35k4jov,cmdj12tbd0002gbikcfzrhtgm
cmdj139f30005gbika35k4jov,cmdj12tbd0002gbikcfzrhtgm
cmdj139f30005gbika35k4jov,cmdj12tbd0002gbikcfzrhtgm
cmdj139f30005gbika35k4jov,cmdj12tbd0002gbikcfzrhtgm
cmdj139f30005gbika35k4jov,cmdj12tbd0002gbikcfzrhtgm
cmdj139f30005gbika35k4jov,cmdj12tbd0002gbikcfzrhtgm
cmdj139f30005gbika35k4jov,cmdj12tbd0002gbikcfzrhtgm
cmdj139f30005gbika35k4jov,cmdj12tbd0002gbikcfzrhtgm
cmdj139f30005gbika35k4jov,cmdj12tbd0002gbikcfzrhtgm
cmdj139f30005gbika35k4jov,cmdj12tbd0002gbikcfzrhtgm
cmdj139f30005gbika35k4jov,cmdj12tbd0002gbikcfzrhtgm
cmdj139f30005gbika35k4jov,cmdj12tbd0002gbikcfzrhtgm
cmdj139f30005gbika35k4jov,cmdj12tbd0002gbikcfzrhtgm
cmdj139f30005gbika35k4jov,cmdj12tbd0002gbikcfzrhtgm
cmdj139f30005gbika35k4jov,cmdj12tbd0002gbikcfzrhtgm
cmdj139f30005gbika35k4jov,cmdj12tbd0002gbikcfzrhtgm
cmdj139f30005gbika35k4jov,cmdj12tbd0002gbikcfzrhtgm
cmdj139f30005gbika35k4jov,cmdj12tbd0002gbikcfzrhtgm
cmdj139f30005gbika35k4jov,cmdj12tbd0002gbikcfzrhtgm
cmdj139f30005gbika35k4jov,cmdj12tbd0002gbikcfzrhtgm
cmdj139f30005gbika35k4jov,cmdj12tbd0002gbikcfzrhtgm
cmdj139f30005gbika35k4jov,cmdj12tbd0002gbikcfzrhtgm
cmdj139f30005gbika35k4jov,cmdj12tbd0002gbikcfzrhtgm
cmdj139f30005gbika35k4jov,cmdj12tbd0002gbikcfzrhtgm
cmdj139f30005gbika35k4jov,cmdj12tbd0002gbikcfzrhtgm
cmdj139f30005gbika35k4jov,cmdj12tbd0002gbikcfzrhtgm
cmdj139f30005gbika35k4jov,cmdj12tbd0002gbikcfzrhtgm
cmdj139f30005gbika35k4jov,cmdj12tbd0002gbikcfzrhtgm
cmdj139f30005gbika35k4jov,cmdj12tbd0002gbikcfzrhtgm
cmdj139f30005gbika35k4jov,cmdj12tbd0002gbikcfzrhtgm
cmdj139f30005gbika35k4jov,cmdj12tbd0002gbikcfzrhtgm
cmdj139f30005gbika35k4jov,cmdj12tbd0002gbikcfzrhtgm
cmdj139f30005gbika35k4jov,cmdj12tbd0002gbikcfzrhtgm
cmdj139f30005gbika35k4jov,cmdj12tbd0002gbikcfzrhtgm
cmdj139f30005gbika35k4jov,cmdj12tbd0002gbikcfzrhtgm
cmdj139f30005gbika35k4jov,cmdj12tbd0002gbikcfzrhtgm
cmdj139f30005gbika35k4jov,cmdj12tbd0002gbikcfzrhtgm
cmdj139f30005gbika35k4jov,cmdj12tbd0002gbikcfzrhtgm
cmdj139f30005gbika35k4jov,cmdj12tbd0002gbikcfzrhtgm
cmdj139f30005gbika35k4jov,cmdj12tbd0002gbikcfzrhtgm
cmdj139f30005gbika35k4jov,cmdj12tbd0002gbikcfzrhtgm
cmdj139f30005gbika35k4jov,cmdj12tbd0002gbikcfzrhtgm
cmdj139f30005gbika35k4jov,cmdj12tbd0002gbikcfzrhtgm
cmdj139f30005gbika35k4jov,cmdj12tbd0002gbikcfzrhtgm
cmdj139f30005gbika35k4jov,cmdj12tbd0002gbikcfzrhtgm
cmdj139f30005gbika35k4jov,cmdj12tbd0002gbikcfzrhtgm
cmdj139f30005gbika35k4jov,cmdj12tbd0002gbikcfzrhtgm
cmdj139f30005gbika35k4jov,cmdj12tbd0002gbikcfzrhtgm
cmdj139f30005gbika35k4jov,cmdj12tbd0002gbikcfzrhtgm
cmdj139f30005gbika35k4jov,cmdj12tbd0002gbikcfzrhtgm
cmdj139f30005gbika35k4jov,cmdj12tbd0002gbikcfzrhtgm
cmdj139f30005gbika35k4jov,cmdj12tbd0002gbikcfzrhtgm
cmdj139f30005gbika35k4jov,cmdj12tbd0002gbikcfzrhtgm
cmdj139f30005gbika35k4jov,cmdj12tbd0002gbikcfzrhtgm
cmdj139f30005gbika35k4jov,cmdj12tbd0002gbikcfzrhtgm
cmdj139f30005gbika35k4jov,cmdj12tbd0002gbikcfzrhtgm
cmdj139f30005gbika35k4jov,cmdj12tbd0002gbikcfzrhtgm
cmdj139f30005gbika35k4jov,cmdj12tbd0002gbikcfzrhtgm
cmdj139f30005gbika35k4jov,cmdj12tbd0002gbikcfzrhtgm
cmdj139f30005gbika35k4jov,cmdj12tbd0002gbikcfzrhtgm
cmdj139f30005gbika35k4jov,cmdj12tbd0002gbikcfzrhtgm
cmdj139f30005gbika35k4jov,cmdj12tbd0002gbikcfzrhtgm
cmdj139f30005gbika35k4jov,cmdj12tbd0002gbikcfzrhtgm
cmdj139f30005gbika35k4jov,cmdj12tbd0002gbikcfzrhtgm
cmdj139f30005gbika35k4jov,cmdj12tbd0002gbikcfzrhtgm
cmdj139f30005gbika35k4jov,cmdj12tbd0002gbikcfzrhtgm
cmdj139f30005gbika35k4jov,cmdj12tbd0002gbikcfzrhtgm
cmdj139f30005gbika35k4jov,cmdj12tbd0002gbikcfzrhtgm
cmdj139f30005gbika35k4jov,cmdj12tbd0002gbikcfzrhtgm
cmdj139f30005gbika35k4jov,cmdj12tbd0002gbikcfzrhtgm
cmdj139f30005gbika35k4jov,cmdj12tbd0002gbikcfzrhtgm
cmdj139f30005gbika35k4jov,cmdj12tbd0002gbikcfzrhtgm
cmdj139f30005gbika35k4jov,cmdj12tbd0002gbikcfzrhtgm
cmdj139f30005gbika35k4jov,cmdj12tbd0002gbikcfzrhtgm
cmdj139f30005gbika35k4jov,cmdj12tbd0002gbikcfzrhtgm
cmdj139f30005gbika35k4jov,cmdj12tbd0002gbikcfzrhtgm
cmdj139f30005gbika35k4jov,cmdj12tbd0002gbikcfzrhtgm
cmdj139f30005gbika35k4jov,cmdj12tbd0002gbikcfzrhtgm
cmdj139f30005gbika35k4jov,cmdj12tbd0002gbikcfzrhtgm
cmdj139f30005gbika35k4jov,cmdj12tbd0002gbikcfzrhtgm
cmdj139f30005gbika35k4jov,cmdj12tbd0002gbikcfzrhtgm
cmdj139f30005gbika35k4jov,cmdj12tbd0002gbikcfzrhtgm
cmdj139f30005gbika35k4jov,cmdj12tbd0002gbikcfzrhtgm
cmdj139f30005gbika35k4jov,cmdj12tbd0002gbikcfzrhtgm
cmdj139f30005gbika35k4jov,cmdj12tbd0002gbikcfzrhtgm
cmdj139f30005gbika35k4jov,cmdj12tbd0002gbikcfzrhtgm
cmdj139f30005gbika35k4jov,cmdj12tbd0002gbikcfzrhtgm
cmdj139f30005gbika35k4jov,cmdj12tbd0002gbikcfzrhtgm
cmdj139f30005gbika35k4jov,cmdj12tbd0002gbikcfzrhtgm
cmdj139f30005gbika35k4jov,cmdj12tbd0002gbikcfzrhtgm
cmdj139f30005gbika35k4jov,cmdj12tbd0002gbikcfzrhtgm
cmdj139f30005gbika35k4jov,cmdj12tbd0002gbikcfzrhtgm
cmdj139f30005gbika35k4jov,cmdj12tbd0002gbikcfzrhtgm
cmdj139f30005gbika35k4jov,cmdj12tbd0002gbikcfzrhtgm
cmdj139f30005gbika35k4jov,cmdj12tbd0002gbikcfzrhtgm
cmdj139f30005gbika35k4jov,cmdj12tbd0002gbikcfzrhtgm
cmdj139f30005gbika35k4jov,cmdj12tbd0002gbikcfzrhtgm
cmdj139f30005gbika35k4jov,cmdj12tbd0002gbikcfzrhtgm
cmdj139f30005gbika35k4jov,cmdj12tbd0002gbikcfzrhtgm
cmdj139f30005gbika35k4jov,cmdj12tbd0002gbikcfzrhtgm
cmdj139f30005gbika35k4jov,cmdj12tbd0002gbikcfzrhtgm
cmdj139f30005gbika35k4jov,cmdj12tbd0002gbikcfzrhtgm
cmdj139f30005gbika35k4jov,cmdj12tbd0002gbikcfzrhtgm
cmdj139f30005gbika35k4jov,cmdj12tbd0002gbikcfzrhtgm
cmdj139f30005gbika35k4jov,cmdj12tbd0002gbikcfzrhtgm
cmdj139f30005gbika35k4jov,cmdj12tbd0002gbikcfzrhtgm
cmdj139f30005gbika35k4jov,cmdj12tbd0002gbikcfzrhtgm
cmdj139f30005gbika35k4jov,cmdj12tbd0002gbikcfzrhtgm
cmdj139f30005gbika35k4jov,cmdj12tbd0002gbikcfzrhtgm
cmdj139f30005gbika35k4jov,cmdj12tbd0002gbikcfzrhtgm
cmdj139f30005gbika35k4jov,cmdj12tbd0002gbikcfzrhtgm
cmdj139f30005gbika35k4jov,cmdj12tbd0002gbikcfzrhtgm
cmdj139f30005gbika35k4jov,cmdj12tbd0002gbikcfzrhtgm
cmdj139f30005gbika35k4jov,cmdj12tbd0002gbikcfzrhtgm
cmdj139f30005gbika35k4jov,cmdj12tbd0002gbikcfzrhtgm
cmdj139f30005gbika35k4jov,cmdj12tbd0002gbikcfzrhtgm
cmdj139f30005gbika35k4jov,cmdj12tbd0002gbikcfzrhtgm
cmdj139f30005gbika35k4jov,cmdj12tbd0002gbikcfzrhtgm
cmdj139f30005gbika35k4jov,cmdj12tbd0002gbikcfzrhtgm
cmdj139f30005gbika35k4jov,cmdj12tbd0002gbikcfzrhtgm
cmdj139f30005gbika35k4jov,cmdj12tbd0002gbikcfzrhtgm
cmdj139f30005gbika35k4jov,cmdj12tbd0002gbikcfzrhtgm
cmdj139f30005gbika35k4jov,cmdj12tbd0002gbikcfzrhtgm
cmdj139f30005gbika35k4jov,cmdj12tbd0002gbikcfzrhtgm
cmdj139f30005gbika35k4jov,cmdj12tbd0002gbikcfzrhtgm
cmdj139f30005gbika35k4jov,cmdj12tbd0002gbikcfzrhtgm
cmdj139f30005gbika35k4jov,cmdj12tbd0002gbikcfzrhtgm
cmdj139f30005gbika35k4jov,cmdj12tbd0002gbikcfzrhtgm
cmdj139f30005gbika35k4jov,cmdj12tbd0002gbikcfzrhtgm
cmdj139f30005gbika35k4jov,cmdj12tbd0002gbikcfzrhtgm
cmdj139f30005gbika35k4jov,cmdj12tbd0002gbikcfzrhtgm
cmdj139f30005gbika35k4jov,cmdj12tbd0002gbikcfzrhtgm
cmdj139f30005gbika35k4jov,cmdj12tbd0002gbikcfzrhtgm
cmdj139f30005gbika35k4jov,cmdj12tbd0002gbikcfzrhtgm
cmdj139f30005gbika35k4jov,cmdj12tbd0002gbikcfzrhtgm
cmdj139f30005gbika35k4jov,cmdj12tbd0002gbikcfzrhtgm
cmdj139f30005gbika35k4jov,cmdj12tbd0002gbikcfzrhtgm
cmdj139f30005gbika35k4jov,cmdj12tbd0002gbikcfzrhtgm
cmdj139f30005gbika35k4jov,cmdj12tbd0002gbikcfzrhtgm
cmdj139f30005gbika35k4jov,cmdj12tbd0002gbikcfzrhtgm
cmdj139f30005gbika35k4jov,cmdj12tbd0002gbikcfzrhtgm
cmdj139f30005gbika35k4jov,cmdj12tbd0002gbikcfzrhtgm
cmdj139f30005gbika35k4jov,cmdj12tbd0002gbikcfzrhtgm
cmdj139f30005gbika35k4jov,cmdj12tbd0002gbikcfzrhtgm
cmdj139f30005gbika35k4jov,cmdj12tbd0002gbikcfzrhtgm
cmdj139f30005gbika35k4jov,cmdj12tbd0002gbikcfzrhtgm
cmdj139f30005gbika35k4jov,cmdj12tbd0002gbikcfzrhtgm
cmdj139f30005gbika35k4jov,cmdj12tbd0002gbikcfzrhtgm
cmdj139f30005gbika35k4jov,cmdj12tbd0002gbikcfzrhtgm
cmdj139f30005gbika35k4jov,cmdj12tbd0002gbikcfzrhtgm
cmdj139f30005gbika35k4jov,cmdj12tbd0002gbikcfzrhtgm
cmdj139f30005gbika35k4jov,cmdj12tbd0002gbikcfzrhtgm
cmdj139f30005gbika35k4jov,cmdj12tbd0002gbikcfzrhtgm
cmdj139f30005gbika35k4jov,cmdj12tbd0002gbikcfzrhtgm
cmdj139f30005gbika35k4jov,cmdj12tbd0002gbikcfzrhtgm
cmdj139f30005gbika35k4jov,cmdj12tbd0002gbikcfzrhtgm
cmdj139f30005gbika35k4jov,cmdj12tbd0002gbikcfzrhtgm
cmdj139f30005gbika35k4jov,cmdj12tbd0002gbikcfzrhtgm
cmdj139f30005gbika35k4jov,cmdj12tbd0002gbikcfzrhtgm
cmdj139f30005gbika35k4jov,cmdj12tbd0002gbikcfzrhtgm
cmdj139f30005gbika35k4jov,cmdj12tbd0002gbikcfzrhtgm
cmdj139f30005gbika35k4jov,cmdj12tbd0002gbikcfzrhtgm
cmdj139f30005gbika35k4jov,cmdj12tbd0002gbikcfzrhtgm
cmdj139f30005gbika35k4jov,cmdj12tbd0002gbikcfzrhtgm
cmdj139f30005gbika35k4jov,cmdj12tbd0002gbikcfzrhtgm
cmdj139f30005gbika35k4jov,cmdj12tbd0002gbikcfzrhtgm
cmdj139f30005gbika35k4jov,cmdj12tbd0002gbikcfzrhtgm
cmdj139f30005gbika35k4jov,cmdj12tbd0002gbikcfzrhtgm
cmdj139f30005gbika35k4jov,cmdj12tbd0002gbikcfzrhtgm
cmdj139f30005gbika35k4jov,cmdj12tbd0002gbikcfzrhtgm
cmdj139f30005gbika35k4jov,cmdj12tbd0002gbikcfzrhtgm
cmdj139f30005gbika35k4jov,cmdj12tbd0002gbikcfzrhtgm
cmdj139f30005gbika35k4jov,cmdj12tbd0002gbikcfzrhtgm
cmdj139f30005gbika35k4jov,cmdj12tbd0002gbikcfzrhtgm
cmdj139f30005gbika35k4jov,cmdj12tbd0002gbikcfzrhtgm
cmdj139f30005gbika35k4jov,cmdj12tbd0002gbikcfzrhtgm
cmdj139f30005gbika35k4jov,cmdj12tbd0002gbikcfzrhtgm
cmdj139f30005gbika35k4jov,cmdj12tbd0002gbikcfzrhtgm
cmdj139f30005gbika35k4jov,cmdj12tbd0002gbikcfzrhtgm
cmdj139f30005gbika35k4jov,cmdj12tbd0002gbikcfzrhtgm
cmdj139f30005gbika35k4jov,cmdj12tbd0002gbikcfzrhtgm
cmdj139f30005gbika35k4jov,cmdj12tbd0002gbikcfzrhtgm
cmdj139f30005gbika35k4jov,cmdj12tbd0002gbikcfzrhtgm
cmdj139f30005gbika35k4jov,cmdj12tbd0002gbikcfzrhtgm
cmdj139f30005gbika35k4jov,cmdj12tbd0002gbikcfzrhtgm
cmdj139f30005gbika35k4jov,cmdj12tbd0002gbikcfzrhtgm
cmdj139f30005gbika35k4jov,cmdj12tbd0002gbikcfzrhtgm
cmdj139f30005gbika35k4jov,cmdj12tbd0002gbikcfzrhtgm
cmdj139f30005gbika35k4jov,cmdj12tbd0002gbikcfzrhtgm
cmdj139f30005gbika35k4jov,cmdj12tbd0002gbikcfzrhtgm
cmdj139f30005gbika35k4jov,cmdj12tbd0002gbikcfzrhtgm
cmdj139f30005gbika35k4jov,cmdj12tbd0002gbikcfzrhtgm
cmdj139f30005gbika35k4jov,cmdj12tbd0002gbikcfzrhtgm
cmdj139f30005gbika35k4jov,cmdj12tbd0002gbikcfzrhtgm
cmdj139f30005gbika35k4jov,cmdj12tbd0002gbikcfzrhtgm
cmdj139f30005gbika35k4jov,cmdj12tbd0002gbikcfzrhtgm
cmdj139f30005gbika35k4jov,cmdj12tbd0002gbikcfzrhtgm
cmdj139f30005gbika35k4jov,cmdj12tbd0002gbikcfzrhtgm
cmdj139f30005gbika35k4jov,cmdj12tbd0002gbikcfzrhtgm
cmdj139f30005gbika35k4jov,cmdj12tbd0002gbikcfzrhtgm
cmdj139f30005gbika35k4jov,cmdj12tbd0002gbikcfzrhtgm
cmdj139f30005gbika35k4jov,cmdj12tbd0002gbikcfzrhtgm
cmdj139f30005gbika35k4jov,cmdj12tbd0002gbikcfzrhtgm
cmdj139f30005gbika35k4jov,cmdj12tbd0002gbikcfzrhtgm
cmdj139f30005gbika35k4jov,cmdj12tbd0002gbikcfzrhtgm
cmdj139f30005gbika35k4jov,cmdj12tbd0002gbikcfzrhtgm
cmdj139f30005gbika35k4jov,cmdj12tbd0002gbikcfzrhtgm
cmdj139f30005gbika35k4jov,cmdj12tbd0002gbikcfzrhtgm
cmdj139f30005gbika35k4jov,cmdj12tbd0002gbikcfzrhtgm
cmdj139f30005gbika35k4jov,cmdj12tbd0002gbikcfzrhtgm
cmdj139f30005gbika35k4jov,cmdj12tbd0002gbikcfzrhtgm
cmdj139f30005gbika35k4jov,cmdj12tbd0002gbikcfzrhtgm
cmdj139f30005gbika35k4jov,cmdj12tbd0002gbikcfzrhtgm
cmdj139f30005gbika35k4jov,cmdj12tbd0002gbikcfzrhtgm
cmdj139f30005gbika35k4jov,cmdj12tbd0002gbikcfzrhtgm
cmdj139f30005gbika35k4jov,cmdj12tbd0002gbikcfzrhtgm
cmdj139f30005gbika35k4jov,cmdj12tbd0002gbikcfzrhtgm
cmdj139f30005gbika35k4jov,cmdj12tbd0002gbikcfzrhtgm
cmdj139f30005gbika35k4jov,cmdj12tbd0002gbikcfzrhtgm
cmdj139f30005gbika35k4jov,cmdj12tbd0002gbikcfzrhtgm
cmdj139f30005gbika35k4jov,cmdj12tbd0002gbikcfzrhtgm
cmdj139f30005gbika35k4jov,cmdj12tbd0002gbikcfzrhtgm
cmdj139f30005gbika35k4jov,cmdj12tbd0002gbikcfzrhtgm
cmdj139f30005gbika35k4jov,cmdj12tbd0002gbikcfzrhtgm
cmdj139f30005gbika35k4jov,cmdj12tbd0002gbikcfzrhtgm
cmdj139f30005gbika35k4jov,cmdj12tbd0002gbikcfzrhtgm
cmdj139f30005gbika35k4jov,cmdj12tbd0002gbikcfzrhtgm
cmdj139f30005gbika35k4jov,cmdj12tbd0002gbikcfzrhtgm
cmdj139f30005gbika35k4jov,cmdj12tbd0002gbikcfzrhtgm
cmdj139f30005gbika35k4jov,cmdj12tbd0002gbikcfzrhtgm
cmdj139f30005gbika35k4jov,cmdj12tbd0002gbikcfzrhtgm
cmdj139f30005gbika35k4jov,cmdj12tbd0002gbikcfzrhtgm
cmdj139f30005gbika35k4jov,cmdj12tbd0002gbikcfzrhtgm
cmdj139f30005gbika35k4jov,cmdj12tbd0002gbikcfzrhtgm
cmdj139f30005gbika35k4jov,cmdj12tbd0002gbikcfzrhtgm
cmdj139f30005gbika35k4jov,cmdj12tbd0002gbikcfzrhtgm
cmdj139f30005gbika35k4jov,cmdj12tbd0002gbikcfzrhtgm
cmdj139f30005gbika35k4jov,cmdj12tbd0002gbikcfzrhtgm
cmdj139f30005gbika35k4jov,cmdj12tbd0002gbikcfzrhtgm
cmdj139f30005gbika35k4jov,cmdj12tbd0002gbikcfzrhtgm
cmdj139f30005gbika35k4jov,cmdj12tbd0002gbikcfzrhtgm
cmdj139f30005gbika35k4jov,cmdj12tbd0002gbikcfzrhtgm
cmdj139f30005gbika35k4jov,cmdj12tbd0002gbikcfzrhtgm
cmdj139f30005gbika35k4jov,cmdj12tbd0002gbikcfzrhtgm
cmdj139f30005gbika35k4jov,cmdj12tbd0002gbikcfzrhtgm
cmdj139f30005gbika35k4jov,cmdj12tbd0002gbikcfzrhtgm
cmdj139f30005gbika35k4jov,cmdj12tbd0002gbikcfzrhtgm
cmdj139f30005gbika35k4jov,cmdj12tbd0002gbikcfzrhtgm
cmdj139f30005gbika35k4jov,cmdj12tbd0002gbikcfzrhtgm
cmdj139f30005gbika35k4jov,cmdj12tbd0002gbikcfzrhtgm
cmdj139f30005gbika35k4jov,cmdj12tbd0002gbikcfzrhtgm
cmdj139f30005gbika35k4jov,cmdj12tbd0002gbikcfzrhtgm
cmdj139f30005gbika35k4jov,cmdj12tbd0002gbikcfzrhtgm
cmdj139f30005gbika35k4jov,cmdj12tbd0002gbikcfzrhtgm
cmdj139f30005gbika35k4jov,cmdj12tbd0002gbikcfzrhtgm
cmdj139f30005gbika35k4jov,cmdj12tbd0002gbikcfzrhtgm
cmdj139f30005gbika35k4jov,cmdj12tbd0002gbikcfzrhtgm
cmdj139f30005gbika35k4jov,cmdj12tbd0002gbikcfzrhtgm
cmdj139f30005gbika35k4jov,cmdj12tbd0002gbikcfzrhtgm
cmdj139f30005gbika35k4jov,cmdj12tbd0002gbikcfzrhtgm
cmdj139f30005gbika35k4jov,cmdj12tbd0002gbikcfzrhtgm
cmdj139f30005gbika35k4jov,cmdj12tbd0002gbikcfzrhtgm
cmdj139f30005gbika35k4jov,cmdj12tbd0002gbikcfzrhtgm
cmdj139f30005gbika35k4jov,cmdj12tbd0002gbikcfzrhtgm
cmdj139f30005gbika35k4jov,cmdj12tbd0002gbikcfzrhtgm
cmdj139f30005gbika35k4jov,cmdj12tbd0002gbikcfzrhtgm
cmdj139f30005gbika35k4jov,cmdj12tbd0002gbikcfzrhtgm
cmdj139f30005gbika35k4jov,cmdj12tbd0002gbikcfzrhtgm
cmdj139f30005gbika35k4jov,cmdj12tbd0002gbikcfzrhtgm
cmdj139f30005gbika35k4jov,cmdj12tbd0002gbikcfzrhtgm
cmdj139f30005gbika35k4jov,cmdj12tbd0002gbikcfzrhtgm
cmdj139f30005gbika35k4jov,cmdj12tbd0002gbikcfzrhtgm
cmdj139f30005gbika35k4jov,cmdj12tbd0002gbikcfzrhtgm
cmdj139f30005gbika35k4jov,cmdj12tbd0002gbikcfzrhtgm
cmdj139f30005gbika35k4jov,cmdj12tbd0002gbikcfzrhtgm
cmdj139f30005gbika35k4jov,cmdj12tbd0002gbikcfzrhtgm
cmdj139f30005gbika35k4jov,cmdj12tbd0002gbikcfzrhtgm
cmdj139f30005gbika35k4jov,cmdj12tbd0002gbikcfzrhtgm
cmdj139f30005gbika35k4jov,cmdj12tbd0002gbikcfzrhtgm
cmdj139f30005gbika35k4jov,cmdj12tbd0002gbikcfzrhtgm
cmdj139f30005gbika35k4jov,cmdj12tbd0002gbikcfzrhtgm
cmdj139f30005gbika35k4jov,cmdj12tbd0002gbikcfzrhtgm
cmdj139f30005gbika35k4jov,cmdj12tbd0002gbikcfzrhtgm
cmdj139f30005gbika35k4jov,cmdj12tbd0002gbikcfzrhtgm
cmdj139f30005gbika35k4jov,cmdj12tbd0002gbikcfzrhtgm
cmdj139f30005gbika35k4jov,cmdj12tbd0002gbikcfzrhtgm
cmdj139f30005gbika35k4jov,cmdj12tbd0002gbikcfzrhtgm
cmdj139f30005gbika35k4jov,cmdj12tbd0002gbikcfzrhtgm
cmdj139f30005gbika35k4jov,cmdj12tbd0002gbikcfzrhtgm
cmdj139f30005gbika35k4jov,cmdj12tbd0002gbikcfzrhtgm
cmdj139f30005gbika35k4jov,cmdj12tbd0002gbikcfzrhtgm
cmdj139f30005gbika35k4jov,cmdj12tbd0002gbikcfzrhtgm
cmdj139f30005gbika35k4jov,cmdj12tbd0002gbikcfzrhtgm
cmdj139f30005gbika35k4jov,cmdj12tbd0002gbikcfzrhtgm
cmdj139f30005gbika35k4jov,cmdj12tbd0002gbikcfzrhtgm
cmdj139f30005gbika35k4jov,cmdj12tbd0002gbikcfzrhtgm
cmdj139f30005gbika35k4jov,cmdj12tbd0002gbikcfzrhtgm
cmdj139f30005gbika35k4jov,cmdj12tbd0002gbikcfzrhtgm
cmdj139f30005gbika35k4jov,cmdj12tbd0002gbikcfzrhtgm
cmdj139f30005gbika35k4jov,cmdj12tbd0002gbikcfzrhtgm
cmdj139f30005gbika35k4jov,cmdj12tbd0002gbikcfzrhtgm
cmdj139f30005gbika35k4jov,cmdj12tbd0002gbikcfzrhtgm
cmdj139f30005gbika35k4jov,cmdj12tbd0002gbikcfzrhtgm
cmdj139f30005gbika35k4jov,cmdj12tbd0002gbikcfzrhtgm
cmdj139f30005gbika35k4jov,cmdj12tbd0002gbikcfzrhtgm
cmdj139f30005gbika35k4jov,cmdj12tbd0002gbikcfzrhtgm
cmdj139f30005gbika35k4jov,cmdj12tbd0002gbikcfzrhtgm
cmdj139f30005gbika35k4jov,cmdj12tbd0002gbikcfzrhtgm
cmdj139f30005gbika35k4jov,cmdj12tbd0002gbikcfzrhtgm
cmdj139f30005gbika35k4jov,cmdj12tbd0002gbikcfzrhtgm
cmdj139f30005gbika35k4jov,cmdj12tbd0002gbikcfzrhtgm
cmdj139f30005gbika35k4jov,cmdj12tbd0002gbikcfzrhtgm
cmdj139f30005gbika35k4jov,cmdj12tbd0002gbikcfzrhtgm
cmdj139f30005gbika35k4jov,cmdj12tbd0002gbikcfzrhtgm
cmdj139f30005gbika35k4jov,cmdj12tbd0002gbikcfzrhtgm
cmdj139f30005gbika35k4jov,cmdj12tbd0002gbikcfzrhtgm
cmdj139f30005gbika35k4jov,cmdj12tbd0002gbikcfzrhtgm
cmdj139f30005gbika35k4jov,cmdj12tbd0002gbikcfzrhtgm
cmdj139f30005gbika35k4jov,cmdj12tbd0002gbikcfzrhtgm
cmdj139f30005gbika35k4jov,cmdj12tbd0002gbikcfzrhtgm
cmdj139f30005gbika35k4jov,cmdj12tbd0002gbikcfzrhtgm
cmdj139f30005gbika35k4jov,cmdj12tbd0002gbikcfzrhtgm
cmdj139f30005gbika35k4jov,cmdj12tbd0002gbikcfzrhtgm
cmdj139f30005gbika35k4jov,cmdj12tbd0002gbikcfzrhtgm
cmdj139f30005gbika35k4jov,cmdj12tbd0002gbikcfzrhtgm
cmdj139f30005gbika35k4jov,cmdj12tbd0002gbikcfzrhtgm
cmdj139f30005gbika35k4jov,cmdj12tbd0002gbikcfzrhtgm
cmdj139f30005gbika35k4jov,cmdj12tbd0002gbikcfzrhtgm
cmdj139f30005gbika35k4jov,cmdj12tbd0002gbikcfzrhtgm
cmdj139f30005gbika35k4jov,cmdj12tbd0002gbikcfzrhtgm
cmdj139f30005gbika35k4jov,cmdj12tbd0002gbikcfzrhtgm
cmdj139f30005gbika35k4jov,cmdj12tbd0002gbikcfzrhtgm
cmdj139f30005gbika35k4jov,cmdj12tbd0002gbikcfzrhtgm
cmdj139f30005gbika35k4jov,cmdj12tbd0002gbikcfzrhtgm
cmdj139f30005gbika35k4jov,cmdj12tbd0002gbikcfzrhtgm
cmdj139f30005gbika35k4jov,cmdj12tbd0002gbikcfzrhtgm
cmdj139f30005gbika35k4jov,cmdj12tbd0002gbikcfzrhtgm
cmdj139f30005gbika35k4jov,cmdj12tbd0002gbikcfzrhtgm
cmdj139f30005gbika35k4jov,cmdj12tbd0002gbikcfzrhtgm
cmdj139f30005gbika35k4jov,cmdj12tbd0002gbikcfzrhtgm
cmdj139f30005gbika35k4jov,cmdj12tbd0002gbikcfzrhtgm
cmdj139f30005gbika35k4jov,cmdj12tbd0002gbikcfzrhtgm
cmdj139f30005gbika35k4jov,cmdj12tbd0002gbikcfzrhtgm
cmdj139f30005gbika35k4jov,cmdj12tbd0002gbikcfzrhtgm
cmdj139f30005gbika35k4jov,cmdj12tbd0002gbikcfzrhtgm
cmdj139f30005gbika35k4jov,cmdj12tbd0002gbikcfzrhtgm
cmdj139f30005gbika35k4jov,cmdj12tbd0002gbikcfzrhtgm
cmdj139f30005gbika35k4jov,cmdj12tbd0002gbikcfzrhtgm
cmdj139f30005gbika35k4jov,cmdj12tbd0002gbikcfzrhtgm
cmdj139f30005gbika35k4jov,cmdj12tbd0002gbikcfzrhtgm
cmdj139f30005gbika35k4jov,cmdj12tbd0002gbikcfzrhtgm
cmdj139f30005gbika35k4jov,cmdj12tbd0002gbikcfzrhtgm
cmdj139f30005gbika35k4jov,cmdj12tbd0002gbikcfzrhtgm
cmdj139f30005gbika35k4jov,cmdj12tbd0002gbikcfzrhtgm
cmdj139f30005gbika35k4jov,cmdj12tbd0002gbikcfzrhtgm
cmdj139f30005gbika35k4jov,cmdj12tbd0002gbikcfzrhtgm
cmdj139f30005gbika35k4jov,cmdj12tbd0002gbikcfzrhtgm
cmdj139f30005gbika35k4jov,cmdj12tbd0002gbikcfzrhtgm
cmdj139f30005gbika35k4jov,cmdj12tbd0002gbikcfzrhtgm
cmdj139f30005gbika35k4jov,cmdj12tbd0002gbikcfzrhtgm
cmdj139f30005gbika35k4jov,cmdj12tbd0002gbikcfzrhtgm
cmdj139f30005gbika35k4jov,cmdj12tbd0002gbikcfzrhtgm
cmdj139f30005gbika35k4jov,cmdj12tbd0002gbikcfzrhtgm
cmdj139f30005gbika35k4jov,cmdj12tbd0002gbikcfzrhtgm
cmdj139f30005gbika35k4jov,cmdj12tbd0002gbikcfzrhtgm
cmdj139f30005gbika35k4jov,cmdj12tbd0002gbikcfzrhtgm
cmdj139f30005gbika35k4jov,cmdj12tbd0002gbikcfzrhtgm
cmdj139f30005gbika35k4jov,cmdj12tbd0002gbikcfzrhtgm
cmdj139f30005gbika35k4jov,cmdj12tbd0002gbikcfzrhtgm
cmdj139f30005gbika35k4jov,cmdj12tbd0002gbikcfzrhtgm
cmdj139f30005gbika35k4jov,cmdj12tbd0002gbikcfzrhtgm
cmdj139f30005gbika35k4jov,cmdj12tbd0002gbikcfzrhtgm
cmdj139f30005gbika35k4jov,cmdj12tbd0002gbikcfzrhtgm
cmdj139f30005gbika35k4jov,cmdj12tbd0002gbikcfzrhtgm
cmdj139f30005gbika35k4jov,cmdj12tbd0002gbikcfzrhtgm
cmdj139f30005gbika35k4jov,cmdj12tbd0002gbikcfzrhtgm
cmdj139f30005gbika35k4jov,cmdj12tbd0002gbikcfzrhtgm
cmdj139f30005gbika35k4jov,cmdj12tbd0002gbikcfzrhtgm
cmdj139f30005gbika35k4jov,cmdj12tbd0002gbikcfzrhtgm
cmdj139f30005gbika35k4jov,cmdj12tbd0002gbikcfzrhtgm
cmdj139f30005gbika35k4jov,cmdj12tbd0002gbikcfzrhtgm
cmdj139f30005gbika35k4jov,cmdj12tbd0002gbikcfzrhtgm
cmdj139f30005gbika35k4jov,cmdj12tbd0002gbikcfzrhtgm
cmdj139f30005gbika35k4jov,cmdj12tbd0002gbikcfzrhtgm
cmdj139f30005gbika35k4jov,cmdj12tbd0002gbikcfzrhtgm
cmdj139f30005gbika35k4jov,cmdj12tbd0002gbikcfzrhtgm
cmdj139f30005gbika35k4jov,cmdj12tbd0002gbikcfzrhtgm
cmdj139f30005gbika35k4jov,cmdj12tbd0002gbikcfzrhtgm
cmdj139f30005gbika35k4jov,cmdj12tbd0002gbikcfzrhtgm
cmdj139f30005gbika35k4jov,cmdj12tbd0002gbikcfzrhtgm
cmdj139f30005gbika35k4jov,cmdj12tbd0002gbikcfzrhtgm
cmdj139f30005gbika35k4jov,cmdj12tbd0002gbikcfzrhtgm
cmdj139f30005gbika35k4jov,cmdj12tbd0002gbikcfzrhtgm
cmdj139f30005gbika35k4jov,cmdj12tbd0002gbikcfzrhtgm
cmdj139f30005gbika35k4jov,cmdj12tbd0002gbikcfzrhtgm
cmdj139f30005gbika35k4jov,cmdj12tbd0002gbikcfzrhtgm
cmdj139f30005gbika35k4jov,cmdj12tbd0002gbikcfzrhtgm
cmdj139f30005gbika35k4jov,cmdj12tbd0002gbikcfzrhtgm
cmdj139f30005gbika35k4jov,cmdj12tbd0002gbikcfzrhtgm
cmdj139f30005gbika35k4jov,cmdj12tbd0002gbikcfzrhtgm
cmdj139f30005gbika35k4jov,cmdj12tbd0002gbikcfzrhtgm
cmdj139f30005gbika35k4jov,cmdj12tbd0002gbikcfzrhtgm
cmdj139f30005gbika35k4jov,cmdj12tbd0002gbikcfzrhtgm
cmdj139f30005gbika35k4jov,cmdj12tbd0002gbikcfzrhtgm
cmdj139f30005gbika35k4jov,cmdj12tbd0002gbikcfzrhtgm
cmdj139f30005gbika35k4jov,cmdj12tbd0002gbikcfzrhtgm
cmdj139f30005gbika35k4jov,cmdj12tbd0002gbikcfzrhtgm
cmdj139f30005gbika35k4jov,cmdj12tbd0002gbikcfzrhtgm
cmdj139f30005gbika35k4jov,cmdj12tbd0002gbikcfzrhtgm
cmdj139f30005gbika35k4jov,cmdj12tbd0002gbikcfzrhtgm
cmdj139f30005gbika35k4jov,cmdj12tbd0002gbikcfzrhtgm
cmdj139f30005gbika35k4jov,cmdj12tbd0002gbikcfzrhtgm
cmdj139f30005gbika35k4jov,cmdj12tbd0002gbikcfzrhtgm
cmdj139f30005gbika35k4jov,cmdj12tbd0002gbikcfzrhtgm
cmdj139f30005gbika35k4jov,cmdj12tbd0002gbikcfzrhtgm
cmdj139f30005gbika35k4jov,cmdj12tbd0002gbikcfzrhtgm
cmdj139f30005gbika35k4jov,cmdj12tbd0002gbikcfzrhtgm
cmdj139f30005gbika35k4jov,cmdj12tbd0002gbikcfzrhtgm
cmdj139f30005gbika35k4jov,cmdj12tbd0002gbikcfzrhtgm
cmdj139f30005gbika35k4jov,cmdj12tbd0002gbikcfzrhtgm
cmdj139f30005gbika35k4jov,cmdj12tbd0002gbikcfzrhtgm
cmdj139f30005gbika35k4jov,cmdj12tbd0002gbikcfzrhtgm
cmdj139f30005gbika35k4jov,cmdj12tbd0002gbikcfzrhtgm
cmdj139f30005gbika35k4jov,cmdj12tbd0002gbikcfzrhtgm
cmdj139f30005gbika35k4jov,cmdj12tbd0002gbikcfzrhtgm
cmdj139f30005gbika35k4jov,cmdj12tbd0002gbikcfzrhtgm
cmdj139f30005gbika35k4jov,cmdj12tbd0002gbikcfzrhtgm
cmdj139f30005gbika35k4jov,cmdj12tbd0002gbikcfzrhtgm
cmdj139f30005gbika35k4jov,cmdj12tbd0002gbikcfzrhtgm
cmdj139f30005gbika35k4jov,cmdj12tbd0002gbikcfzrhtgm
cmdj139f30005gbika35k4jov,cmdj12tbd0002gbikcfzrhtgm
cmdj139f30005gbika35k4jov,cmdj12tbd0002gbikcfzrhtgm
cmdj139f30005gbika35k4jov,cmdj12tbd0002gbikcfzrhtgm
cmdj139f30005gbika35k4jov,cmdj12tbd0002gbikcfzrhtgm
cmdj139f30005gbika35k4jov,cmdj12tbd0002gbikcfzrhtgm
cmdj139f30005gbika35k4jov,cmdj12tbd0002gbikcfzrhtgm
cmdj139f30005gbika35k4jov,cmdj12tbd0002gbikcfzrhtgm
cmdj139f30005gbika35k4jov,cmdj12tbd0002gbikcfzrhtgm
cmdj139f30005gbika35k4jov,cmdj12tbd0002gbikcfzrhtgm
cmdj139f30005gbika35k4jov,cmdj12tbd0002gbikcfzrhtgm
cmdj139f30005gbika35k4jov,cmdj12tbd0002gbikcfzrhtgm
cmdj139f30005gbika35k4jov,cmdj12tbd0002gbikcfzrhtgm
cmdj139f30005gbika35k4jov,cmdj12tbd0002gbikcfzrhtgm
cmdj139f30005gbika35k4jov,cmdj12tbd0002gbikcfzrhtgm
cmdj139f30005gbika35k4jov,cmdj12tbd0002gbikcfzrhtgm
cmdj139f30005gbika35k4jov,cmdj12tbd0002gbikcfzrhtgm
cmdj139f30005gbika35k4jov,cmdj12tbd0002gbikcfzrhtgm
cmdj139f30005gbika35k4jov,cmdj12tbd0002gbikcfzrhtgm
cmdj139f30005gbika35k4jov,cmdj12tbd0002gbikcfzrhtgm
cmdj139f30005gbika35k4jov,cmdj12tbd0002gbikcfzrhtgm
cmdj139f30005gbika35k4jov,cmdj12tbd0002gbikcfzrhtgm
cmdj139f30005gbika35k4jov,cmdj12tbd0002gbikcfzrhtgm
cmdj139f30005gbika35k4jov,cmdj12tbd0002gbikcfzrhtgm
cmdj139f30005gbika35k4jov,cmdj12tbd0002gbikcfzrhtgm
cmdj139f30005gbika35k4jov,cmdj12tbd0002gbikcfzrhtgm
cmdj139f30005gbika35k4jov,cmdj12tbd0002gbikcfzrhtgm
cmdj139f30005gbika35k4jov,cmdj12tbd0002gbikcfzrhtgm
cmdj139f30005gbika35k4jov,cmdj12tbd0002gbikcfzrhtgm
cmdj139f30005gbika35k4jov,cmdj12tbd0002gbikcfzrhtgm
cmdj139f30005gbika35k4jov,cmdj12tbd0002gbikcfzrhtgm
cmdj139f30005gbika35k4jov,cmdj12tbd0002gbikcfzrhtgm
cmdj139f30005gbika35k4jov,cmdj12tbd0002gbikcfzrhtgm
cmdj139f30005gbika35k4jov,cmdj12tbd0002gbikcfzrhtgm
cmdj139f30005gbika35k4jov,cmdj12tbd0002gbikcfzrhtgm
cmdj139f30005gbika35k4jov,cmdj12tbd0002gbikcfzrhtgm
cmdj139f30005gbika35k4jov,cmdj12tbd0002gbikcfzrhtgm
cmdj139f30005gbika35k4jov,cmdj12tbd0002gbikcfzrhtgm
cmdj139f30005gbika35k4jov,cmdj12tbd0002gbikcfzrhtgm
cmdj139f30005gbika35k4jov,cmdj12tbd0002gbikcfzrhtgm
cmdj139f30005gbika35k4jov,cmdj12tbd0002gbikcfzrhtgm
cmdj139f30005gbika35k4jov,cmdj12tbd0002gbikcfzrhtgm
cmdj139f30005gbika35k4jov,cmdj12tbd0002gbikcfzrhtgm
cmdj139f30005gbika35k4jov,cmdj12tbd0002gbikcfzrhtgm
cmdj139f30005gbika35k4jov,cmdj12tbd0002gbikcfzrhtgm
cmdj139f30005gbika35k4jov,cmdj12tbd0002gbikcfzrhtgm
cmdj139f30005gbika35k4jov,cmdj12tbd0002gbikcfzrhtgm
cmdj139f30005gbika35k4jov,cmdj12tbd0002gbikcfzrhtgm
cmdj139f30005gbika35k4jov,cmdj12tbd0002gbikcfzrhtgm
cmdj139f30005gbika35k4jov,cmdj12tbd0002gbikcfzrhtgm
cmdj139f30005gbika35k4jov,cmdj12tbd0002gbikcfzrhtgm
cmdj139f30005gbika35k4jov,cmdj12tbd0002gbikcfzrhtgm
cmdj139f30005gbika35k4jov,cmdj12tbd0002gbikcfzrhtgm
cmdj139f30005gbika35k4jov,cmdj12tbd0002gbikcfzrhtgm
cmdj139f30005gbika35k4jov,cmdj12tbd0002gbikcfzrhtgm
cmdj139f30005gbika35k4jov,cmdj12tbd0002gbikcfzrhtgm
cmdj139f30005gbika35k4jov,cmdj12tbd0002gbikcfzrhtgm
cmdj139f30005gbika35k4jov,cmdj12tbd0002gbikcfzrhtgm
cmdj139f30005gbika35k4jov,cmdj12tbd0002gbikcfzrhtgm
cmdj139f30005gbika35k4jov,cmdj12tbd0002gbikcfzrhtgm
cmdj139f30005gbika35k4jov,cmdj12tbd0002gbikcfzrhtgm
cmdj139f30005gbika35k4jov,cmdj12tbd0002gbikcfzrhtgm
cmdj139f30005gbika35k4jov,cmdj12tbd0002gbikcfzrhtgm
cmdj139f30005gbika35k4jov,cmdj12tbd0002gbikcfzrhtgm
