cmdj115xx0000gbikpf0aw2se,1,0,0
cmdj139f30005gbika35k4jov,1,0,0
cmdj115xx0000gbikpf0aw2se,1,0,0
cmdj139f30005gbika35k4jov,1,0,0
cmdj115xx0000gbikpf0aw2se,1,0,0
cmdj139f30005gbika35k4jov,1,0,0
cmdj115xx0000gbikpf0aw2se,1,0,0
cmdj139f30005gbika35k4jov,1,0,0
cmdj115xx0000gbikpf0aw2se,1,0,0
cmdj139f30005gbika35k4jov,1,0,0
cmdj115xx0000gbikpf0aw2se,1,0,0
cmdj139f30005gbika35k4jov,1,0,0
cmdj115xx0000gbikpf0aw2se,1,0,0
cmdj139f30005gbika35k4jov,1,0,0
cmdj115xx0000gbikpf0aw2se,1,0,0
cmdj139f30005gbika35k4jov,1,0,0
cmdj115xx0000gbikpf0aw2se,1,0,0
cmdj139f30005gbika35k4jov,1,0,0
cmdj115xx0000gbikpf0aw2se,1,0,0
cmdj139f30005gbika35k4jov,1,0,0
cmdj115xx0000gbikpf0aw2se,1,0,0
cmdj139f30005gbika35k4jov,1,0,0
cmdj115xx0000gbikpf0aw2se,1,0,0
cmdj139f30005gbika35k4jov,1,0,0
cmdj115xx0000gbikpf0aw2se,1,0,0
cmdj139f30005gbika35k4jov,1,0,0
cmdj115xx0000gbikpf0aw2se,1,0,0
cmdj139f30005gbika35k4jov,1,0,0
cmdj115xx0000gbikpf0aw2se,1,0,0
cmdj139f30005gbika35k4jov,1,0,0
cmdj115xx0000gbikpf0aw2se,1,0,0
cmdj139f30005gbika35k4jov,1,0,0
cmdj115xx0000gbikpf0aw2se,1,0,0
cmdj139f30005gbika35k4jov,1,0,0
cmdj115xx0000gbikpf0aw2se,1,0,0
cmdj139f30005gbika35k4jov,1,0,0
cmdj115xx0000gbikpf0aw2se,1,0,0
cmdj139f30005gbika35k4jov,1,0,0
cmdj115xx0000gbikpf0aw2se,1,0,0
cmdj139f30005gbika35k4jov,1,0,0
cmdj115xx0000gbikpf0aw2se,1,0,0
cmdj139f30005gbika35k4jov,1,0,0
cmdj115xx0000gbikpf0aw2se,1,0,0
cmdj139f30005gbika35k4jov,1,0,0
cmdj115xx0000gbikpf0aw2se,1,0,0
cmdj139f30005gbika35k4jov,1,0,0
cmdj115xx0000gbikpf0aw2se,1,0,0
cmdj139f30005gbika35k4jov,1,0,0
cmdj115xx0000gbikpf0aw2se,1,0,0
cmdj139f30005gbika35k4jov,1,0,0
cmdj115xx0000gbikpf0aw2se,1,0,0
cmdj139f30005gbika35k4jov,1,0,0
cmdj115xx0000gbikpf0aw2se,1,0,0
cmdj139f30005gbika35k4jov,1,0,0
cmdj115xx0000gbikpf0aw2se,1,0,0
cmdj139f30005gbika35k4jov,1,0,0
cmdj115xx0000gbikpf0aw2se,1,0,0
cmdj139f30005gbika35k4jov,1,0,0
cmdj115xx0000gbikpf0aw2se,1,0,0
cmdj139f30005gbika35k4jov,1,0,0
cmdj115xx0000gbikpf0aw2se,1,0,0
cmdj139f30005gbika35k4jov,1,0,0
cmdj115xx0000gbikpf0aw2se,1,0,0
cmdj139f30005gbika35k4jov,1,0,0
cmdj115xx0000gbikpf0aw2se,1,0,0
cmdj139f30005gbika35k4jov,1,0,0
cmdj115xx0000gbikpf0aw2se,1,0,0
cmdj139f30005gbika35k4jov,1,0,0
cmdj115xx0000gbikpf0aw2se,1,0,0
cmdj139f30005gbika35k4jov,1,0,0
cmdj115xx0000gbikpf0aw2se,1,0,0
cmdj139f30005gbika35k4jov,1,0,0
cmdj115xx0000gbikpf0aw2se,1,0,0
cmdj139f30005gbika35k4jov,1,0,0
cmdj115xx0000gbikpf0aw2se,1,0,0
cmdj139f30005gbika35k4jov,1,0,0
cmdj115xx0000gbikpf0aw2se,1,0,0
cmdj139f30005gbika35k4jov,1,0,0
cmdj115xx0000gbikpf0aw2se,1,0,0
cmdj139f30005gbika35k4jov,1,0,0
cmdj115xx0000gbikpf0aw2se,1,0,0
cmdj139f30005gbika35k4jov,1,0,0
cmdj115xx0000gbikpf0aw2se,1,0,0
cmdj139f30005gbika35k4jov,1,0,0
cmdj115xx0000gbikpf0aw2se,1,0,0
cmdj139f30005gbika35k4jov,1,0,0
cmdj115xx0000gbikpf0aw2se,1,0,0
cmdj139f30005gbika35k4jov,1,0,0
cmdj115xx0000gbikpf0aw2se,1,0,0
cmdj139f30005gbika35k4jov,1,0,0
cmdj115xx0000gbikpf0aw2se,1,0,0
cmdj139f30005gbika35k4jov,1,0,0
cmdj115xx0000gbikpf0aw2se,1,0,0
cmdj139f30005gbika35k4jov,1,0,0
cmdj115xx0000gbikpf0aw2se,1,0,0
cmdj139f30005gbika35k4jov,1,0,0
cmdj115xx0000gbikpf0aw2se,1,0,0
cmdj139f30005gbika35k4jov,1,0,0
cmdj115xx0000gbikpf0aw2se,1,0,0
cmdj139f30005gbika35k4jov,1,0,0
cmdj115xx0000gbikpf0aw2se,1,0,0
cmdj139f30005gbika35k4jov,1,0,0
cmdj115xx0000gbikpf0aw2se,1,0,0
cmdj139f30005gbika35k4jov,1,0,0
cmdj115xx0000gbikpf0aw2se,1,0,0
cmdj139f30005gbika35k4jov,1,0,0
cmdj115xx0000gbikpf0aw2se,1,0,0
cmdj139f30005gbika35k4jov,1,0,0
cmdj115xx0000gbikpf0aw2se,1,0,0
cmdj139f30005gbika35k4jov,1,0,0
cmdj115xx0000gbikpf0aw2se,1,0,0
cmdj139f30005gbika35k4jov,1,0,0
cmdj115xx0000gbikpf0aw2se,1,0,0
cmdj139f30005gbika35k4jov,1,0,0
cmdj115xx0000gbikpf0aw2se,1,0,0
cmdj139f30005gbika35k4jov,1,0,0
cmdj115xx0000gbikpf0aw2se,1,0,0
cmdj139f30005gbika35k4jov,1,0,0
cmdj115xx0000gbikpf0aw2se,1,0,0
cmdj139f30005gbika35k4jov,1,0,0
cmdj115xx0000gbikpf0aw2se,1,0,0
cmdj139f30005gbika35k4jov,1,0,0
cmdj115xx0000gbikpf0aw2se,1,0,0
cmdj139f30005gbika35k4jov,1,0,0
cmdj115xx0000gbikpf0aw2se,1,0,0
cmdj139f30005gbika35k4jov,1,0,0
cmdj115xx0000gbikpf0aw2se,1,0,0
cmdj139f30005gbika35k4jov,1,0,0
cmdj115xx0000gbikpf0aw2se,1,0,0
cmdj139f30005gbika35k4jov,1,0,0
cmdj115xx0000gbikpf0aw2se,1,0,0
cmdj139f30005gbika35k4jov,1,0,0
cmdj115xx0000gbikpf0aw2se,1,0,0
cmdj139f30005gbika35k4jov,1,0,0
cmdj115xx0000gbikpf0aw2se,1,0,0
cmdj139f30005gbika35k4jov,1,0,0
cmdj115xx0000gbikpf0aw2se,1,0,0
cmdj139f30005gbika35k4jov,1,0,0
cmdj115xx0000gbikpf0aw2se,1,0,0
cmdj139f30005gbika35k4jov,1,0,0
cmdj115xx0000gbikpf0aw2se,1,0,0
cmdj139f30005gbika35k4jov,1,0,0
cmdj115xx0000gbikpf0aw2se,1,0,0
cmdj139f30005gbika35k4jov,1,0,0
cmdj115xx0000gbikpf0aw2se,1,0,0
cmdj139f30005gbika35k4jov,1,0,0
cmdj115xx0000gbikpf0aw2se,1,0,0
cmdj139f30005gbika35k4jov,1,0,0
cmdj115xx0000gbikpf0aw2se,1,0,0
cmdj139f30005gbika35k4jov,1,0,0
cmdj115xx0000gbikpf0aw2se,1,0,0
cmdj139f30005gbika35k4jov,1,0,0
cmdj115xx0000gbikpf0aw2se,1,0,0
cmdj139f30005gbika35k4jov,1,0,0
cmdj115xx0000gbikpf0aw2se,1,0,0
cmdj139f30005gbika35k4jov,1,0,0
cmdj115xx0000gbikpf0aw2se,1,0,0
cmdj139f30005gbika35k4jov,1,0,0
cmdj115xx0000gbikpf0aw2se,1,0,0
cmdj139f30005gbika35k4jov,1,0,0
cmdj115xx0000gbikpf0aw2se,1,0,0
cmdj139f30005gbika35k4jov,1,0,0
cmdj115xx0000gbikpf0aw2se,1,0,0
cmdj139f30005gbika35k4jov,1,0,0
cmdj115xx0000gbikpf0aw2se,1,0,0
cmdj139f30005gbika35k4jov,1,0,0
cmdj115xx0000gbikpf0aw2se,1,0,0
cmdj139f30005gbika35k4jov,1,0,0
cmdj115xx0000gbikpf0aw2se,1,0,0
cmdj139f30005gbika35k4jov,1,0,0
cmdj115xx0000gbikpf0aw2se,1,0,0
cmdj139f30005gbika35k4jov,1,0,0
cmdj115xx0000gbikpf0aw2se,1,0,0
cmdj139f30005gbika35k4jov,1,0,0
cmdj115xx0000gbikpf0aw2se,1,0,0
cmdj139f30005gbika35k4jov,1,0,0
cmdj115xx0000gbikpf0aw2se,1,0,0
cmdj139f30005gbika35k4jov,1,0,0
cmdj115xx0000gbikpf0aw2se,1,0,0
cmdj139f30005gbika35k4jov,1,0,0
cmdj115xx0000gbikpf0aw2se,1,0,0
cmdj139f30005gbika35k4jov,1,0,0
cmdj115xx0000gbikpf0aw2se,1,0,0
cmdj139f30005gbika35k4jov,1,0,0
cmdj115xx0000gbikpf0aw2se,1,0,0
cmdj139f30005gbika35k4jov,1,0,0
cmdj115xx0000gbikpf0aw2se,1,0,0
cmdj139f30005gbika35k4jov,1,0,0
cmdj115xx0000gbikpf0aw2se,1,0,0
cmdj139f30005gbika35k4jov,1,0,0
cmdj115xx0000gbikpf0aw2se,1,0,0
cmdj139f30005gbika35k4jov,1,0,0
cmdj115xx0000gbikpf0aw2se,1,0,0
cmdj139f30005gbika35k4jov,1,0,0
cmdj115xx0000gbikpf0aw2se,1,0,0
cmdj139f30005gbika35k4jov,1,0,0
cmdj115xx0000gbikpf0aw2se,1,0,0
cmdj139f30005gbika35k4jov,1,0,0
cmdj115xx0000gbikpf0aw2se,1,0,0
cmdj139f30005gbika35k4jov,1,0,0
cmdj115xx0000gbikpf0aw2se,1,0,0
cmdj139f30005gbika35k4jov,1,0,0
cmdj115xx0000gbikpf0aw2se,1,0,0
cmdj139f30005gbika35k4jov,1,0,0
cmdj115xx0000gbikpf0aw2se,1,0,0
cmdj139f30005gbika35k4jov,1,0,0
cmdj115xx0000gbikpf0aw2se,1,0,0
cmdj139f30005gbika35k4jov,1,0,0
cmdj115xx0000gbikpf0aw2se,1,0,0
cmdj139f30005gbika35k4jov,1,0,0
cmdj115xx0000gbikpf0aw2se,1,0,0
cmdj139f30005gbika35k4jov,1,0,0
cmdj115xx0000gbikpf0aw2se,1,0,0
cmdj139f30005gbika35k4jov,1,0,0
cmdj115xx0000gbikpf0aw2se,1,0,0
cmdj139f30005gbika35k4jov,1,0,0
cmdj115xx0000gbikpf0aw2se,1,0,0
cmdj139f30005gbika35k4jov,1,0,0
cmdj115xx0000gbikpf0aw2se,1,0,0
cmdj139f30005gbika35k4jov,1,0,0
cmdj115xx0000gbikpf0aw2se,1,0,0
cmdj139f30005gbika35k4jov,1,0,0
cmdj115xx0000gbikpf0aw2se,1,0,0
cmdj139f30005gbika35k4jov,1,0,0
cmdj115xx0000gbikpf0aw2se,1,0,0
cmdj139f30005gbika35k4jov,1,0,0
cmdj115xx0000gbikpf0aw2se,1,0,0
cmdj139f30005gbika35k4jov,1,0,0
cmdj115xx0000gbikpf0aw2se,1,0,0
cmdj139f30005gbika35k4jov,1,0,0
cmdj115xx0000gbikpf0aw2se,1,0,0
cmdj139f30005gbika35k4jov,1,0,0
cmdj115xx0000gbikpf0aw2se,1,0,0
cmdj139f30005gbika35k4jov,1,0,0
cmdj115xx0000gbikpf0aw2se,1,0,0
cmdj139f30005gbika35k4jov,1,0,0
cmdj115xx0000gbikpf0aw2se,1,0,0
cmdj139f30005gbika35k4jov,1,0,0
cmdj115xx0000gbikpf0aw2se,1,0,0
cmdj139f30005gbika35k4jov,1,0,0
cmdj115xx0000gbikpf0aw2se,1,0,0
cmdj139f30005gbika35k4jov,1,0,0
cmdj115xx0000gbikpf0aw2se,1,0,0
cmdj139f30005gbika35k4jov,1,0,0
cmdj115xx0000gbikpf0aw2se,1,0,0
cmdj139f30005gbika35k4jov,1,0,0
cmdj115xx0000gbikpf0aw2se,1,0,0
cmdj139f30005gbika35k4jov,1,0,0
cmdj115xx0000gbikpf0aw2se,1,0,0
cmdj139f30005gbika35k4jov,1,0,0
cmdj115xx0000gbikpf0aw2se,1,0,0
cmdj139f30005gbika35k4jov,1,0,0
cmdj115xx0000gbikpf0aw2se,1,0,0
cmdj139f30005gbika35k4jov,1,0,0
cmdj115xx0000gbikpf0aw2se,1,0,0
cmdj139f30005gbika35k4jov,1,0,0
cmdj115xx0000gbikpf0aw2se,1,0,0
cmdj139f30005gbika35k4jov,1,0,0
cmdj115xx0000gbikpf0aw2se,1,0,0
cmdj139f30005gbika35k4jov,1,0,0
cmdj115xx0000gbikpf0aw2se,1,0,0
cmdj139f30005gbika35k4jov,1,0,0
cmdj115xx0000gbikpf0aw2se,1,0,0
cmdj139f30005gbika35k4jov,1,0,0
cmdj115xx0000gbikpf0aw2se,1,0,0
cmdj139f30005gbika35k4jov,1,0,0
cmdj115xx0000gbikpf0aw2se,1,0,0
cmdj139f30005gbika35k4jov,1,0,0
cmdj115xx0000gbikpf0aw2se,1,0,0
cmdj139f30005gbika35k4jov,1,0,0
cmdj115xx0000gbikpf0aw2se,1,0,0
cmdj139f30005gbika35k4jov,1,0,0
cmdj115xx0000gbikpf0aw2se,1,0,0
cmdj139f30005gbika35k4jov,1,0,0
cmdj115xx0000gbikpf0aw2se,1,0,0
cmdj139f30005gbika35k4jov,1,0,0
cmdj115xx0000gbikpf0aw2se,1,0,0
cmdj139f30005gbika35k4jov,1,0,0
cmdj115xx0000gbikpf0aw2se,1,0,0
cmdj139f30005gbika35k4jov,1,0,0
cmdj115xx0000gbikpf0aw2se,1,0,0
cmdj139f30005gbika35k4jov,1,0,0
